pass_id,team,success,sender_number,receiver_number,sx,sy,rx,ry,ball_x,ball_y,start_frame
0,Newcastle,1,22,15.0,0.73,0.49,-21.72,0.22,0.03,-0.36,28
1,Newcastle,1,15,33.0,-22.31,1.22,-20.69,16.66,-21.26,0.84,48
2,Newcastle,0,33,22.0,-17.6,20.17,12.73,3.61,-17.13,18.2,72
3,Auckland FC,1,4,15.0,27.84,-6.4,15.93,-21.92,27.47,-6.47,202
4,Auckland FC,0,15,14.0,9.83,-32.04,-0.42,-21.06,9.65,-31.38,243
5,Newcastle,0,14,19.0,-28.54,-24.91,-18.43,-13.33,-29.73,-26.19,283
6,Auckland FC,1,14,28.0,-36.98,-29.9,-15.23,-28.01,-36.14,-29.18,301
7,Auckland FC,0,28,10.0,-44.67,-26.21,-38.42,-3.94,-44.22,-24.33,350
8,Newcastle,1,1,33.0,-47.3,-2.23,-46.71,8.52,-46.38,-1.38,387
9,Newcastle,1,33,15.0,-44.82,22.57,-47.78,9.44,-44.37,21.65,451
10,Newcastle,0,15,22.0,-48.33,12.79,-1.66,11.93,-47.3,12.28,469
11,Auckland FC,1,17,28.0,-1.82,24.28,-15.6,4.65,-3.2,21.8,526
12,Auckland FC,1,28,27.0,-12.03,11.67,-11.46,27.61,-11.87,14.01,547
13,Auckland FC,1,27,17.0,-7.67,32.34,0.57,28.65,-8.11,32.03,575
14,Auckland FC,0,17,23.0,11.44,31.16,18.41,22.55,12.36,31.78,607
15,Auckland FC,1,28,22.0,10.6,17.53,4.17,25.62,10.7,20.36,750
16,Auckland FC,1,22,6.0,7.73,24.93,14.93,20.1,8.12,24.45,772
17,Auckland FC,0,6,12.0,14.39,16.9,41.57,4.32,13.95,16.39,786
18,Newcastle,1,19,14.0,29.27,-26.39,33.57,-34.03,29.1,-26.61,990
19,Newcastle,1,17,4.0,27.19,-22.7,13.87,-31.04,27.37,-24.06,1102
20,Newcastle,1,4,15.0,11.47,-31.27,8.35,-13.65,11.38,-30.43,1122
21,Newcastle,1,15,33.0,2.9,-14.85,6.35,0.51,3.56,-15.91,1140
22,Newcastle,1,33,39.0,4.96,14.41,14.88,27.98,6.58,14.59,1192
23,Newcastle,1,39,33.0,12.15,29.54,4.04,18.19,11.73,28.34,1204
24,Newcastle,1,33,15.0,-5.23,20.57,-9.33,10.65,-4.53,19.28,1238
25,Newcastle,1,15,4.0,-12.29,10.14,-11.89,-5.16,-10.61,10.14,1249
26,Newcastle,1,4,15.0,-16.47,-7.24,-16.83,4.66,-16.18,-7.13,1269
27,Newcastle,1,15,19.0,-26.73,-2.7,-10.07,-11.12,-26.05,-4.3,1304
28,Newcastle,1,19,4.0,-16.48,-11.3,-29.92,-11.52,-17.78,-10.5,1320
29,Newcastle,1,4,7.0,-28.07,-21.24,-10.37,-16.48,-26.3,-21.23,1344
30,Newcastle,1,7,22.0,-10.58,-17.54,5.44,-6.58,-10.12,-18.69,1355
31,Auckland FC,0,4,27.0,45.56,-0.01,31.96,14.87,45.76,1.8,1463
32,Newcastle,1,22,17.0,50.75,15.09,21.44,14.85,50.01,15.77,1492
33,Newcastle,1,17,39.0,27.58,24.44,37.44,14.78,28.62,24.09,1519
34,Auckland FC,1,6,17.0,33.08,15.86,40.13,14.35,33.35,16.15,1546
35,Auckland FC,1,17,27.0,39.0,14.91,28.86,25.36,38.31,15.78,1574
36,Auckland FC,0,27,22.0,23.12,29.95,18.18,18.98,22.34,29.1,1600
37,Newcastle,1,22,37.0,26.33,16.6,29.46,14.31,25.84,16.43,1631
38,Auckland FC,0,17,22.0,34.6,17.44,19.74,18.35,34.57,17.99,1667
39,Newcastle,1,33,39.0,25.69,29.31,38.58,31.69,27.84,29.25,1731
40,Newcastle,1,39,33.0,35.52,31.33,26.76,32.41,34.63,31.0,1741
41,Newcastle,1,33,17.0,24.65,33.74,15.86,25.41,25.18,32.59,1764
42,Newcastle,1,17,4.0,13.39,27.95,1.34,6.28,13.73,27.83,1781
43,Newcastle,1,4,14.0,-1.03,2.54,14.86,-21.25,-0.25,3.24,1819
44,Newcastle,1,14,4.0,13.08,-29.68,2.7,-18.25,12.7,-28.46,1863
45,Newcastle,1,4,15.0,0.64,-24.48,-6.99,-6.33,0.96,-25.07,1882
46,Newcastle,1,15,4.0,-10.28,-12.41,-2.5,-24.68,-9.26,-13.34,1905
47,Newcastle,1,4,1.0,-9.51,-22.77,-30.56,-6.35,-9.95,-21.86,1924
48,Newcastle,1,1,33.0,-30.1,-6.38,-24.12,8.39,-28.53,-5.86,1956
49,Newcastle,1,33,15.0,-26.96,10.6,-21.75,-5.99,-26.8,8.96,1979
50,Newcastle,1,15,4.0,-34.65,12.32,-29.16,-12.33,-33.52,15.24,2051
51,Newcastle,1,4,15.0,-29.53,-9.95,-30.18,10.14,-29.14,-9.08,2127
52,Newcastle,1,15,17.0,-30.63,5.02,-18.43,8.6,-29.9,4.33,2151
53,Newcastle,1,17,15.0,-20.8,11.32,-28.01,6.69,-22.15,10.5,2185
54,Newcastle,1,15,4.0,-28.4,6.62,-25.4,-14.09,-27.64,6.27,2193
55,Newcastle,1,4,19.0,-23.71,-14.42,-15.92,-4.49,-23.66,-14.16,2224
56,Newcastle,1,19,14.0,-13.69,-12.4,-12.08,-31.62,-14.89,-13.85,2241
57,Newcastle,1,14,4.0,-14.76,-31.5,-26.06,-20.43,-15.43,-29.95,2257
58,Newcastle,1,4,15.0,-27.76,-23.06,-33.96,-6.94,-27.32,-23.54,2271
59,Newcastle,1,15,33.0,-37.03,-10.02,-30.88,12.23,-36.39,-10.76,2288
60,Newcastle,1,33,7.0,-38.25,14.86,-11.16,-11.66,-37.95,13.37,2315
61,Newcastle,1,19,14.0,-2.69,-4.68,5.75,-22.53,-2.33,-4.77,2392
62,Newcastle,1,14,7.0,11.96,-22.58,4.67,-14.12,11.77,-21.86,2429
63,Newcastle,1,7,4.0,8.2,-15.96,-5.87,-13.07,9.03,-16.42,2444
64,Newcastle,1,4,7.0,-1.44,-13.91,6.62,-16.68,-0.25,-14.82,2473
65,Newcastle,1,7,15.0,4.63,-18.09,-5.21,-5.5,3.94,-18.14,2484
66,Newcastle,1,15,4.0,-9.22,-3.91,-6.54,-14.27,-8.3,-5.1,2518
67,Newcastle,1,4,15.0,-6.98,-12.13,-12.08,-2.07,-7.22,-10.67,2535
68,Newcastle,1,15,14.0,-13.54,-1.07,15.09,-31.59,-13.26,-1.05,2546
69,Newcastle,1,7,14.0,15.7,-29.46,10.05,-29.4,12.83,-26.81,2857
70,Newcastle,1,14,19.0,8.68,-28.87,15.59,-26.36,8.63,-28.6,2868
71,Newcastle,1,19,7.0,14.62,-25.36,14.29,-30.65,13.8,-26.28,2891
72,Newcastle,1,7,15.0,14.47,-30.77,9.79,-24.82,13.84,-30.46,2898
73,Newcastle,1,15,14.0,9.9,-24.77,9.96,-31.59,10.38,-25.54,2910
74,Newcastle,0,14,19.0,11.53,-32.34,14.58,-27.65,12.21,-31.0,2922
75,Newcastle,0,19,7.0,15.95,-27.6,16.15,-33.35,15.83,-29.1,2929
76,Newcastle,1,22,14.0,30.43,-24.83,22.68,-33.52,28.34,-27.44,3065
77,Newcastle,1,14,19.0,17.1,-33.0,20.11,-26.0,16.61,-32.34,3087
78,Auckland FC,1,4,23.0,24.43,-24.08,20.73,1.0,23.7,-23.76,3419
79,Auckland FC,1,23,4.0,25.99,5.72,22.64,-16.56,25.34,4.71,3449
80,Auckland FC,1,4,23.0,21.07,-11.89,19.73,5.93,20.85,-11.5,3488
81,Auckland FC,1,23,4.0,16.48,9.0,17.04,-11.39,15.96,8.4,3525
82,Auckland FC,1,4,23.0,17.82,-2.89,11.56,15.18,17.38,-2.45,3580
83,Auckland FC,1,23,17.0,10.92,15.98,-5.46,32.38,10.68,15.19,3615
84,Auckland FC,1,17,23.0,-3.82,32.17,5.59,24.25,-3.59,31.33,3651
85,Auckland FC,1,23,12.0,12.34,27.82,33.22,7.3,11.82,27.55,3675
86,Auckland FC,1,12,14.0,35.36,10.52,-6.38,-18.59,34.41,9.64,3711
87,Newcastle,1,7,19.0,7.32,-29.19,6.82,-23.1,4.84,-28.49,3799
88,Newcastle,1,19,39.0,7.66,-22.43,8.38,7.85,6.81,-25.64,3805
89,Auckland FC,0,22,10.0,11.24,-3.16,-5.46,-1.18,11.8,-2.98,3854
90,Newcastle,1,33,1.0,-10.22,15.37,-36.8,2.09,-10.58,15.6,3888
91,Newcastle,0,1,39.0,-40.15,9.39,-2.95,23.57,-38.96,10.77,3955
92,Auckland FC,0,17,6.0,7.95,23.58,-4.47,19.91,7.43,22.28,3988
93,Newcastle,1,37,39.0,6.43,26.16,0.63,27.84,6.13,26.03,4009
94,Auckland FC,0,6,27.0,2.99,31.61,-4.15,31.24,2.38,32.52,4025
95,Auckland FC,1,10,22.0,-4.02,28.07,-13.27,25.45,-4.44,27.92,4163
96,Auckland FC,1,22,28.0,-16.37,27.44,-6.64,20.2,-15.73,26.96,4192
97,Newcastle,1,15,33.0,-43.04,6.72,-44.41,19.96,-45.42,17.7,4382
98,Newcastle,1,33,39.0,-44.18,20.45,-22.53,29.66,-43.79,19.88,4387
99,Newcastle,1,39,19.0,-29.89,31.44,-32.16,17.46,-30.28,30.2,4411
100,Newcastle,0,19,37.0,-31.82,22.51,-11.66,28.89,-31.66,24.67,4425
101,Auckland FC,1,6,17.0,-13.99,28.24,-24.54,28.87,-15.86,27.7,4437
102,Newcastle,1,39,37.0,-23.13,26.27,-14.19,27.7,-22.01,25.29,4452
103,Newcastle,1,37,7.0,-15.81,26.5,-15.16,13.58,-16.65,25.47,4465
104,Newcastle,1,7,14.0,-13.17,12.79,-15.06,-18.96,-13.28,12.92,4481
105,Newcastle,0,14,39.0,1.33,-21.43,7.15,8.37,1.78,-19.82,4514
106,Auckland FC,1,23,27.0,38.24,3.65,22.04,9.6,36.88,2.6,4569
107,Auckland FC,0,27,10.0,26.74,9.64,-2.04,6.4,27.33,9.38,4588
108,Newcastle,1,33,39.0,11.77,22.18,26.97,23.83,11.87,22.85,4651
109,Newcastle,1,39,19.0,17.46,32.9,10.74,30.45,16.18,31.69,4700
110,Newcastle,0,19,37.0,12.73,30.32,22.62,22.41,14.74,30.5,4709
111,Auckland FC,1,6,12.0,18.41,28.73,44.97,3.72,19.24,31.0,4714
112,Auckland FC,1,12,17.0,48.66,6.38,34.85,26.86,48.4,5.99,4777
113,Auckland FC,0,17,27.0,36.24,29.45,24.12,33.22,35.79,28.67,4812
114,Newcastle,1,37,33.0,28.05,25.19,23.83,33.73,27.67,28.74,5001
115,Newcastle,1,33,17.0,24.8,33.72,16.49,20.61,23.74,32.25,5016
116,Newcastle,1,17,4.0,12.77,22.8,-0.73,13.72,11.83,22.96,5038
117,Newcastle,1,4,14.0,-3.72,11.08,5.14,-10.71,-2.74,11.08,5059
118,Newcastle,1,14,19.0,-8.82,-15.98,6.7,12.52,-8.94,-15.66,5099
119,Newcastle,0,19,,-4.15,4.53,,,-3.78,-0.36,5135
120,Auckland FC,1,15,22.0,25.64,-27.58,15.73,-23.84,24.88,-27.81,5399
121,Auckland FC,1,14,10.0,8.2,-29.6,-3.78,-27.75,6.31,-29.85,5437
122,Newcastle,1,15,22.0,-49.05,28.2,-15.39,26.52,-49.02,31.58,5744
123,Newcastle,0,22,39.0,-17.56,32.06,-30.48,31.51,-20.42,31.55,5781
124,Auckland FC,1,6,17.0,-22.96,24.23,-19.5,32.84,-23.12,24.53,5967
125,Auckland FC,1,17,23.0,-17.9,32.24,-0.03,28.88,-17.86,31.25,5980
126,Auckland FC,1,23,4.0,5.02,29.49,5.26,8.95,4.03,28.63,6002
127,Auckland FC,1,4,15.0,12.16,4.13,0.34,-14.32,11.93,4.24,6029
128,Auckland FC,1,15,14.0,-9.82,-27.64,-13.76,-29.55,-10.37,-27.43,6072
129,Auckland FC,1,14,4.0,-15.5,-30.57,3.43,-14.42,-15.58,-29.82,6083
130,Auckland FC,1,4,15.0,-2.97,-21.08,-23.68,-32.49,-3.71,-20.85,6147
131,Auckland FC,1,15,14.0,-19.95,-32.27,-16.82,-16.13,-20.33,-31.65,6168
132,Auckland FC,1,14,17.0,-16.29,-15.4,-12.93,8.57,-15.67,-16.15,6204
133,Auckland FC,1,17,23.0,-6.66,9.03,2.89,-0.53,-6.69,6.86,6232
134,Auckland FC,1,23,4.0,6.6,7.95,4.83,-12.27,6.02,8.06,6286
135,Auckland FC,1,4,15.0,8.91,-16.22,-7.07,-29.61,8.27,-15.9,6310
136,Auckland FC,1,15,22.0,-7.97,-32.8,-19.89,-18.24,-8.39,-31.55,6333
137,Auckland FC,0,22,28.0,-18.32,-26.01,-10.3,-21.46,-18.0,-27.28,6354
138,Newcastle,1,14,17.0,-17.2,-27.38,-18.67,-8.77,-16.76,-28.16,6364
139,Newcastle,1,17,15.0,-19.46,-13.69,-25.22,-5.74,-18.91,-14.64,6413
140,Newcastle,1,15,33.0,-29.66,-3.12,-26.1,9.82,-28.49,-3.53,6433
141,Newcastle,1,33,17.0,-28.06,13.45,-20.83,-2.03,-27.32,12.3,6449
142,Newcastle,1,17,33.0,-20.97,6.67,-28.23,15.47,-20.93,7.86,6468
143,Newcastle,1,33,15.0,-29.8,18.66,-36.45,9.46,-29.41,17.99,6495
144,Newcastle,1,15,19.0,-39.75,9.39,-23.04,4.31,-38.53,9.57,6515
145,Newcastle,1,19,33.0,-23.45,1.61,-35.5,20.97,-23.72,1.74,6568
146,Newcastle,1,33,15.0,-34.74,20.86,-35.74,6.51,-34.07,20.25,6594
147,Newcastle,1,15,4.0,-40.72,2.52,-37.42,-10.42,-39.47,2.28,6616
148,Newcastle,1,4,15.0,-39.87,-14.73,-42.12,-4.46,-39.53,-14.78,6634
149,Newcastle,1,15,17.0,-40.05,-6.37,-25.11,6.06,-39.47,-6.72,6666
150,Newcastle,1,17,4.0,-19.41,9.5,-33.67,-14.38,-19.57,9.06,6716
151,Newcastle,1,4,15.0,-31.66,-12.42,-24.7,11.38,-30.63,-11.54,6743
152,Newcastle,1,15,33.0,-30.9,3.35,-28.86,19.63,-30.5,2.35,6770
153,Newcastle,1,33,22.0,-25.3,21.73,6.51,3.01,-24.72,20.13,6796
154,Newcastle,1,22,17.0,3.5,10.2,-14.71,13.89,1.03,12.49,6822
155,Newcastle,1,17,15.0,-8.54,11.82,-23.69,8.24,-7.96,11.01,6846
156,Newcastle,0,15,14.0,-22.2,6.74,6.46,-29.95,-21.22,6.66,6878
157,Auckland FC,0,10,14.0,12.11,-27.54,15.3,-31.39,12.6,-29.79,7168
158,Newcastle,1,4,15.0,-6.84,-30.44,-10.53,-20.75,-5.37,-29.93,7248
159,Newcastle,1,15,4.0,-16.71,-13.76,-14.32,-26.65,-16.25,-13.51,7276
160,Newcastle,1,4,19.0,-17.98,-22.7,-10.09,-18.65,-17.96,-22.31,7306
161,Newcastle,1,19,15.0,-12.52,-19.07,-23.85,-4.75,-12.84,-19.55,7321
162,Newcastle,1,15,4.0,-23.34,-3.46,-19.67,-20.85,-22.24,-3.97,7352
163,Newcastle,1,4,14.0,-15.37,-15.32,1.84,-33.56,-15.09,-15.5,7396
164,Newcastle,1,14,7.0,-3.32,-31.95,4.78,-21.78,-4.46,-30.93,7422
165,Auckland FC,0,14,10.0,0.8,-32.12,-8.73,-23.2,0.46,-31.65,7447
166,Newcastle,1,17,39.0,-5.83,-13.45,1.55,17.59,-4.67,-14.01,7480
167,Auckland FC,0,22,6.0,35.08,12.06,43.54,8.45,35.16,10.66,7939
168,Auckland FC,1,4,12.0,39.94,5.54,49.52,1.11,41.11,7.52,7956
169,Newcastle,0,7,15.0,26.32,6.22,35.7,-7.94,27.15,3.97,8011
170,Auckland FC,1,14,28.0,30.8,-2.82,35.69,-2.85,30.49,-3.98,8037
171,Auckland FC,0,28,27.0,30.76,-16.49,23.69,-13.59,30.43,-16.98,8063
172,Auckland FC,0,22,17.0,26.73,-32.58,25.5,-0.43,26.82,-31.86,8318
173,Auckland FC,1,23,17.0,33.69,-4.58,24.49,11.21,32.98,-4.54,8348
174,Auckland FC,1,17,6.0,21.5,22.48,20.2,5.32,21.07,21.05,8379
175,Auckland FC,1,6,28.0,21.23,14.68,18.42,-0.31,20.96,15.44,8398
176,Auckland FC,1,28,22.0,22.33,14.34,7.79,-0.46,22.42,16.22,8441
177,Auckland FC,1,22,27.0,4.26,-9.37,-10.55,14.37,4.95,-9.52,8500
178,Auckland FC,1,27,17.0,-22.66,21.97,-8.14,22.24,-22.47,19.64,8539
179,Auckland FC,1,17,23.0,-32.56,28.51,-4.75,12.23,-32.73,27.59,8603
180,Auckland FC,1,23,4.0,-0.15,19.98,-3.84,1.95,-2.69,20.8,8661
181,Auckland FC,1,4,15.0,-0.21,-2.75,-11.34,-25.11,-0.5,-2.38,8691
182,Auckland FC,1,15,4.0,-11.23,-31.26,0.8,-8.89,-11.81,-30.36,8723
183,Auckland FC,1,4,28.0,4.8,-13.3,-9.15,-26.0,3.92,-13.62,8749
184,Auckland FC,0,28,22.0,0.49,-23.46,-14.51,-9.07,0.69,-23.0,8780
185,Newcastle,0,19,7.0,-11.08,-13.19,2.16,-18.73,-10.15,-12.9,8800
186,Auckland FC,0,15,14.0,1.06,-26.46,-3.55,-18.59,0.08,-24.92,8825
187,Newcastle,1,14,17.0,-14.62,-19.08,-13.25,-12.88,-14.29,-18.3,8857
188,Newcastle,1,17,4.0,-13.58,-14.06,-23.44,-15.63,-14.45,-14.96,8866
189,Newcastle,1,4,17.0,-24.5,-15.55,-15.38,-14.36,-23.4,-15.69,8875
190,Newcastle,1,17,14.0,-18.47,-15.39,-20.3,-24.39,-18.97,-16.07,8887
191,Newcastle,1,14,22.0,-23.73,-26.47,2.84,-17.52,-23.05,-25.7,8908
192,Auckland FC,1,23,12.0,16.52,-13.13,34.95,-3.1,16.13,-14.29,8966
193,Auckland FC,1,12,4.0,32.86,2.62,18.86,-19.93,32.18,1.52,9000
194,Auckland FC,1,4,23.0,26.86,-20.96,27.16,2.76,26.93,-20.66,9041
195,Auckland FC,1,23,4.0,26.4,5.6,24.8,-17.44,25.8,4.88,9087
196,Auckland FC,0,4,14.0,15.72,-14.57,-9.35,-24.55,15.44,-14.35,9151
197,Newcastle,1,19,15.0,-30.75,-29.24,-35.51,-5.65,-31.22,-28.92,9246
198,Newcastle,0,15,37.0,-36.95,-8.88,-8.28,-11.63,-35.66,-12.05,9275
199,Auckland FC,1,6,28.0,-15.49,-11.64,-24.73,-13.39,-16.45,-10.31,9289
200,Auckland FC,0,28,22.0,-18.84,-14.24,-27.58,-14.53,-18.67,-14.04,9310
201,Newcastle,0,14,,-39.6,-26.08,,,-43.95,-29.96,9451
202,Auckland FC,1,4,23.0,-8.49,-24.87,-4.9,-9.82,-9.55,-24.61,9515
203,Auckland FC,1,23,6.0,-4.57,-4.32,-13.05,-6.03,-4.95,-4.32,9541
204,Auckland FC,1,6,23.0,-13.5,0.63,-4.33,1.79,-12.32,1.0,9559
205,Auckland FC,1,23,6.0,-2.37,6.38,-13.76,6.3,-3.11,6.94,9573
206,Auckland FC,1,6,23.0,-8.05,15.77,-0.34,7.06,-7.88,14.85,9601
207,Auckland FC,1,23,10.0,1.79,11.14,-12.83,11.79,0.48,11.12,9647
208,Auckland FC,0,10,22.0,-9.8,10.77,-21.11,-1.27,-9.23,10.26,9661
209,Newcastle,1,33,19.0,-28.81,12.79,-22.77,2.36,-27.98,11.54,9686
210,Newcastle,1,19,14.0,-25.48,4.13,-33.43,-4.79,-25.56,3.86,9704
211,Newcastle,1,14,19.0,-13.72,-25.83,-16.74,-2.65,-12.9,-25.35,9784
212,Auckland FC,0,17,27.0,-6.4,32.45,-21.72,16.51,-3.05,12.22,10100
213,Newcastle,1,17,37.0,-35.16,25.64,-17.54,20.08,-35.63,26.9,10163
214,Newcastle,1,37,7.0,-23.85,22.72,-13.07,-13.68,-25.46,21.87,10185
215,Newcastle,0,7,37.0,-11.55,-14.09,-21.08,16.72,-12.84,-13.58,10206
216,Auckland FC,1,6,14.0,4.07,-8.84,-1.96,-18.13,4.09,-10.06,10273
217,Auckland FC,0,14,27.0,-30.24,-28.84,-19.42,9.85,-29.92,-27.91,10338
218,Newcastle,1,1,15.0,-50.25,-0.01,-42.46,-1.66,-48.15,-0.9,10410
219,Newcastle,1,15,17.0,-46.91,9.05,-30.68,6.97,-45.93,8.53,10513
220,Newcastle,1,17,39.0,-34.22,8.29,-21.54,29.7,-34.52,8.93,10531
221,Newcastle,1,39,33.0,-13.36,32.0,-33.2,26.29,-13.03,30.48,10571
222,Newcastle,1,33,19.0,-27.8,29.17,-18.22,7.74,-26.65,28.59,10597
223,Newcastle,1,19,7.0,-20.09,11.22,-6.6,5.46,-19.61,11.39,10626
224,Newcastle,1,7,37.0,-3.52,6.1,6.71,24.41,-3.62,6.46,10648
225,Newcastle,1,37,39.0,35.34,31.75,17.47,26.17,36.3,32.25,10697
226,Auckland FC,1,17,6.0,44.71,18.83,39.11,15.22,46.05,16.0,10754
227,Auckland FC,1,6,22.0,39.56,14.56,26.78,4.28,39.96,13.83,10761
228,Auckland FC,0,28,22.0,34.88,5.75,32.64,-0.68,34.58,4.93,10801
229,Newcastle,1,37,7.0,36.22,10.18,27.97,13.64,36.77,9.29,10816
230,Auckland FC,1,4,14.0,46.19,-16.15,8.01,-17.77,45.97,-16.57,11098
231,Auckland FC,1,15,22.0,5.86,-31.36,-9.22,-15.67,5.84,-30.41,11635
232,Newcastle,1,4,1.0,-32.38,-23.82,-45.14,-3.37,-32.2,-24.26,11675
233,Newcastle,0,1,7.0,-48.25,-3.62,-10.64,-26.09,-46.76,-6.11,11706
234,Newcastle,0,14,7.0,-30.88,-25.75,-20.16,-24.32,-29.86,-25.5,11757
235,Newcastle,1,19,33.0,-25.97,-17.1,-30.53,0.51,-25.88,-15.85,11792
236,Newcastle,1,33,39.0,-28.14,11.08,-14.18,13.41,-27.01,10.94,11830
237,Newcastle,1,39,33.0,-17.26,19.31,-24.16,18.63,-18.26,19.01,11845
238,Auckland FC,1,17,23.0,-16.53,23.76,3.7,9.25,-16.47,25.23,11857
239,Auckland FC,1,23,4.0,15.26,19.71,12.34,0.66,15.34,19.72,11903
240,Auckland FC,1,4,15.0,15.93,-7.6,4.14,-25.48,15.53,-7.17,11944
241,Auckland FC,0,15,10.0,-6.61,-32.45,-19.41,-0.21,-6.91,-31.6,11984
242,Newcastle,1,4,17.0,-31.15,-15.09,-20.98,-19.78,-30.62,-16.89,12012
243,Auckland FC,0,10,14.0,-41.45,-30.45,-31.53,-20.51,-41.5,-30.9,12156
244,Newcastle,1,17,19.0,-22.12,-31.83,-24.08,-18.3,-24.41,-31.82,12383
245,Newcastle,0,19,14.0,-25.51,-20.82,-16.15,-28.46,-24.84,-22.49,12400
246,Auckland FC,1,15,12.0,-7.34,-27.08,30.54,-5.75,-6.8,-30.08,12413
247,Auckland FC,1,12,23.0,34.69,-6.03,23.27,3.68,33.58,-5.5,12487
248,Auckland FC,1,23,4.0,25.88,10.35,22.04,-15.59,25.67,9.33,12509
249,Auckland FC,1,4,12.0,25.44,-10.56,36.42,0.46,25.04,-10.37,12554
250,Auckland FC,1,12,4.0,33.5,-1.15,24.56,-16.48,32.42,-1.82,12597
251,Auckland FC,1,4,14.0,25.02,-15.96,-2.42,-20.62,24.65,-15.56,12628
252,Auckland FC,1,14,4.0,3.9,-19.48,16.6,-21.23,5.66,-20.27,12662
253,Auckland FC,1,4,15.0,15.83,-22.08,1.94,-33.38,15.0,-22.26,12673
254,Auckland FC,0,15,10.0,-3.07,-33.86,-12.75,-11.76,-2.97,-33.13,12693
255,Auckland FC,0,10,27.0,-16.07,-21.49,-16.27,9.47,-15.96,-21.5,12716
256,Newcastle,1,33,19.0,-46.13,2.68,-43.42,-9.82,-45.38,1.57,12775
257,Newcastle,0,19,,-44.76,-6.59,,,-41.69,5.58,12785
258,Auckland FC,1,12,22.0,29.67,5.25,-13.69,10.34,28.61,5.43,13083
259,Newcastle,0,15,37.0,-15.42,16.9,6.52,20.15,-14.04,17.16,13146
260,Auckland FC,1,6,27.0,-1.85,20.07,-20.28,24.54,-2.52,18.84,13156
261,Auckland FC,1,27,17.0,-17.13,31.53,-1.61,25.42,-16.65,31.42,13183
262,Auckland FC,1,17,27.0,-4.45,29.04,-17.29,32.85,-5.31,28.73,13203
263,Auckland FC,1,27,17.0,-18.93,34.49,-18.72,30.16,-19.73,32.75,13253
264,Newcastle,0,4,,-47.13,-3.76,,,-44.95,-7.81,14292
265,Auckland FC,1,17,10.0,-11.3,1.36,-23.87,13.12,-12.07,2.01,14330
266,Auckland FC,0,10,27.0,-24.21,25.34,-35.78,0.56,-24.55,24.05,14363
267,Newcastle,0,15,37.0,-39.66,4.04,-23.37,13.09,-37.22,4.81,14406
268,Auckland FC,1,15,17.0,-17.84,25.44,-2.12,14.75,-16.57,26.27,14441
269,Auckland FC,1,17,6.0,2.9,17.89,-20.3,13.12,2.21,17.74,14459
270,Auckland FC,1,6,17.0,-13.18,10.63,6.26,12.28,6.0,-3.28,14485
271,Auckland FC,1,17,27.0,5.88,12.27,-19.8,16.32,5.17,11.12,14528
272,Auckland FC,1,27,17.0,-8.51,18.88,4.15,18.37,-7.0,17.98,14558
273,Auckland FC,1,17,23.0,6.83,21.36,11.07,3.87,5.76,20.97,14579
274,Auckland FC,1,23,4.0,11.8,4.38,10.18,-11.38,11.27,4.36,14607
275,Auckland FC,1,4,23.0,13.36,-12.31,12.32,3.25,13.18,-12.2,14662
276,Auckland FC,0,23,10.0,16.39,5.73,-15.31,24.06,15.62,5.33,14697
277,Auckland FC,1,6,27.0,-12.87,15.71,-21.72,27.97,-14.15,15.13,14770
278,Auckland FC,0,27,15.0,-37.84,28.49,-24.07,-17.5,-39.16,25.39,14813
279,Newcastle,0,14,7.0,-48.7,-11.77,-39.77,-12.1,-48.07,-15.41,14859
280,Auckland FC,0,15,28.0,-48.2,-26.3,-33.97,-17.27,-49.66,-26.06,14881
281,Newcastle,1,14,7.0,-6.1,-30.14,1.87,-18.45,-5.11,-28.35,15225
282,Newcastle,1,7,14.0,1.12,-21.85,-5.17,-27.84,0.18,-23.66,15235
283,Newcastle,0,14,7.0,-3.46,-26.58,-0.33,-23.68,-2.37,-27.38,15246
284,Auckland FC,1,4,12.0,23.0,-26.74,41.5,-5.57,19.89,-28.89,15479
285,Auckland FC,1,12,23.0,41.14,-9.51,30.34,-0.24,40.25,-10.21,15516
286,Auckland FC,1,23,6.0,33.61,14.62,29.15,1.52,33.05,12.78,15548
287,Auckland FC,1,6,17.0,18.92,14.74,12.69,32.51,18.77,15.2,15574
288,Auckland FC,1,17,23.0,12.83,33.6,25.17,25.26,12.76,32.27,15608
289,Auckland FC,1,23,12.0,29.87,26.55,42.42,9.69,28.94,25.59,15637
290,Auckland FC,1,12,4.0,42.1,8.71,33.03,-6.02,41.75,8.06,15659
291,Auckland FC,1,4,15.0,36.71,-13.31,15.27,-31.35,36.62,-13.17,15688
292,Auckland FC,1,15,4.0,5.22,-31.75,29.46,-16.69,5.51,-30.65,15722
293,Auckland FC,1,4,23.0,17.02,-20.56,17.65,4.31,16.42,-21.17,15772
294,Auckland FC,1,23,22.0,17.48,7.77,-7.89,4.14,16.91,6.96,15802
295,Auckland FC,1,22,4.0,-2.02,16.28,12.78,-7.31,0.05,15.64,15843
296,Auckland FC,1,4,15.0,8.63,-10.86,-8.87,-31.44,8.16,-11.11,15896
297,Auckland FC,1,15,4.0,-12.21,-32.64,4.97,-15.3,-12.26,-31.62,15926
298,Auckland FC,1,4,23.0,0.87,-17.39,0.93,1.82,-1.08,-18.4,15976
299,Auckland FC,1,23,27.0,4.12,4.0,-22.98,18.12,3.53,3.99,16006
300,Auckland FC,1,27,22.0,-33.52,27.75,-36.83,14.65,-32.69,24.63,16132
301,Auckland FC,1,22,10.0,-48.05,20.19,-38.83,-5.71,-48.36,18.57,16164
302,Auckland FC,1,15,28.0,-28.33,-7.79,-32.65,-0.01,-29.78,-4.87,16216
303,Auckland FC,1,28,4.0,-31.83,-0.8,-12.1,-2.26,-31.58,-1.81,16224
304,Auckland FC,1,4,15.0,-13.27,-5.11,-24.39,-17.05,-13.86,-5.8,16249
305,Auckland FC,1,15,10.0,-25.38,-24.04,-31.38,-18.15,-25.96,-23.25,16272
306,Auckland FC,1,28,22.0,-47.85,-32.99,-47.0,-32.76,-46.84,-31.83,16691
307,Auckland FC,1,22,10.0,-46.45,-32.74,-33.34,2.3,-46.32,-31.56,16692
308,Auckland FC,1,10,22.0,-28.68,-7.27,-31.58,-24.53,-28.58,-7.96,16723
309,Auckland FC,1,22,28.0,-26.95,-19.86,-37.78,-26.31,-27.5,-19.68,16750
310,Auckland FC,0,28,4.0,-43.67,-25.51,-40.22,-1.16,-42.86,-24.02,16790
311,Newcastle,1,15,4.0,-47.18,-2.43,-43.99,-15.87,-47.28,-5.91,16811
312,Auckland FC,1,22,14.0,-36.26,-31.89,-41.71,-33.92,-37.21,-31.35,16921
313,Auckland FC,0,14,27.0,-42.26,-32.32,-38.96,4.63,-41.92,-31.37,16932
314,Newcastle,1,15,4.0,-45.83,0.07,-40.5,-15.12,-46.6,0.55,17338
315,Newcastle,0,4,22.0,-42.41,-18.76,0.51,-8.67,-42.5,-18.08,17362
316,Auckland FC,1,6,14.0,-7.7,-10.44,-21.75,-23.15,-7.43,-12.13,17392
317,Auckland FC,1,14,6.0,-15.01,-28.33,-4.59,-21.31,-14.87,-27.89,17427
318,Auckland FC,1,6,4.0,2.39,-25.06,9.56,-12.92,3.14,-24.42,17490
319,Auckland FC,1,4,23.0,12.16,-11.88,10.89,5.76,11.3,-12.17,17508
320,Auckland FC,1,23,4.0,12.24,12.05,11.88,-8.83,11.57,11.44,17532
321,Auckland FC,1,4,28.0,15.21,-7.5,7.33,-18.15,14.61,-6.68,17567
322,Auckland FC,1,28,14.0,10.84,-21.26,-8.71,-6.73,11.0,-21.3,17585
323,Auckland FC,1,14,22.0,-9.13,-13.99,-14.4,-19.71,-9.28,-14.53,17622
324,Auckland FC,1,22,14.0,-16.08,-13.16,-12.63,-11.52,-15.0,-13.28,17636
325,Auckland FC,1,6,15.0,-10.82,-9.62,-20.85,-28.81,-12.39,-9.4,17648
326,Auckland FC,0,15,27.0,-25.92,-28.66,-24.98,1.7,-26.06,-27.48,17681
327,Newcastle,0,39,22.0,-44.61,28.04,-12.16,-11.63,-45.64,28.43,17743
328,Newcastle,1,15,22.0,-47.1,29.12,-14.89,26.74,-45.43,32.59,17866
329,Auckland FC,1,6,4.0,-18.67,27.5,-4.59,21.53,-16.27,29.22,17889
330,Auckland FC,1,4,28.0,-0.12,23.74,-9.37,15.18,-1.02,23.37,17911
331,Auckland FC,1,28,15.0,-3.96,12.16,-9.08,-8.47,-4.13,12.18,17929
332,Auckland FC,1,15,28.0,-8.46,-17.42,-2.71,2.87,-9.12,-17.33,17960
333,Auckland FC,1,28,23.0,-1.25,-10.96,-0.46,18.03,-1.36,-12.12,17990
334,Auckland FC,0,23,10.0,-1.5,17.95,-25.56,1.3,-2.09,16.79,18030
335,Newcastle,0,15,37.0,-22.55,9.57,-10.23,6.07,-20.64,9.91,18059
336,Auckland FC,1,4,14.0,2.23,0.58,-27.44,-3.77,1.11,-0.88,18075
337,Auckland FC,1,14,28.0,-21.14,-13.82,-18.71,-7.88,-20.75,-13.6,18117
338,Newcastle,0,14,37.0,-22.96,-15.64,-17.05,-10.97,-23.69,-14.82,18141
339,Auckland FC,1,4,6.0,-12.24,-13.83,-7.98,-9.85,-12.25,-13.68,18157
340,Auckland FC,1,6,23.0,-3.44,-12.22,2.81,-0.78,-3.87,-12.03,18176
341,Auckland FC,1,23,4.0,6.06,-0.2,-5.93,-11.91,5.05,-0.57,18200
342,Auckland FC,1,4,15.0,0.08,-13.56,-16.65,-30.54,0.37,-13.45,18225
343,Auckland FC,1,15,14.0,-22.66,-32.24,-22.47,-18.28,-22.9,-31.67,18259
344,Auckland FC,1,14,28.0,-28.34,-25.67,-28.36,-17.47,-28.01,-26.98,18298
345,Auckland FC,1,28,22.0,-29.19,-18.73,-32.93,-21.96,-29.14,-19.86,18315
346,Auckland FC,1,22,28.0,-32.56,-22.42,-30.73,-18.24,-32.38,-22.39,18323
347,Auckland FC,0,28,10.0,-44.22,-19.96,-39.01,-0.54,-44.74,-18.67,18347
348,Newcastle,1,4,22.0,-45.56,-4.74,-24.37,-8.11,-44.62,-7.0,18357
349,Newcastle,1,22,7.0,-24.54,-13.99,-34.05,-23.43,-26.18,-14.83,18378
350,Newcastle,1,4,1.0,-25.74,-26.55,-41.87,-9.17,-26.08,-25.02,18851
351,Newcastle,1,1,4.0,-39.56,-16.13,-34.64,-25.45,-39.96,-17.03,18874
352,Newcastle,1,4,15.0,-37.0,-26.2,-37.01,-2.02,-37.33,-26.0,18883
353,Newcastle,1,15,19.0,-39.68,-4.65,-27.88,-22.0,-39.45,-6.19,18908
354,Newcastle,1,19,4.0,-31.44,-16.78,-39.79,-21.16,-32.26,-17.3,18942
355,Newcastle,1,4,7.0,-39.03,-23.55,-16.79,-15.16,-37.41,-23.91,18960
356,Newcastle,0,7,14.0,-19.18,-18.09,-20.06,-33.16,-19.59,-19.09,18975
357,Auckland FC,1,14,15.0,-13.66,-26.15,-4.18,-25.21,-12.42,-26.27,18997
358,Auckland FC,1,15,4.0,-2.18,-26.2,7.71,-16.2,-3.13,-26.36,19011
359,Auckland FC,1,4,23.0,13.75,-15.82,11.77,-0.74,13.22,-16.21,19032
360,Auckland FC,1,23,12.0,16.09,9.19,37.56,0.7,14.27,7.67,19058
361,Auckland FC,1,12,4.0,43.42,15.95,37.82,-7.66,42.42,14.52,19124
362,Auckland FC,1,4,15.0,41.4,-11.56,26.66,-30.45,40.48,-10.95,19153
363,Auckland FC,1,15,4.0,21.91,-32.87,35.56,-20.02,21.62,-31.68,19183
364,Auckland FC,1,4,23.0,28.31,-16.84,26.81,7.47,25.77,-18.73,19215
365,Auckland FC,1,23,17.0,21.65,12.93,6.9,28.47,20.87,12.73,19249
366,Auckland FC,1,17,23.0,3.17,33.12,18.47,21.62,3.12,32.0,19280
367,Auckland FC,1,23,4.0,21.06,24.59,21.73,0.21,20.28,23.59,19303
368,Auckland FC,1,4,23.0,25.56,-4.24,23.75,19.3,25.64,-3.53,19339
369,Auckland FC,0,23,27.0,26.67,18.81,-4.88,19.48,26.14,17.48,19371
370,Newcastle,1,33,19.0,-4.38,22.9,7.31,7.82,-3.69,22.86,19408
371,Newcastle,1,19,15.0,1.42,12.55,-13.49,18.42,0.77,13.9,19428
372,Newcastle,1,15,17.0,-25.05,12.95,-4.67,18.83,-24.95,11.7,19456
373,Newcastle,1,17,19.0,-14.29,16.85,-15.37,9.73,-15.26,15.83,19484
374,Newcastle,1,19,37.0,-14.47,9.83,3.41,6.38,-12.48,9.72,19493
375,Newcastle,0,37,7.0,30.44,-16.87,37.15,-6.75,32.45,-14.99,19584
376,Auckland FC,1,4,12.0,45.88,-18.24,48.21,-3.87,45.65,-18.4,19866
377,Auckland FC,1,12,23.0,49.41,-6.42,43.63,10.88,49.48,-7.82,19886
378,Auckland FC,0,23,28.0,39.43,16.97,35.42,-7.63,38.94,15.55,19913
379,Newcastle,0,19,37.0,7.82,4.66,24.8,4.01,7.46,2.95,19970
380,Auckland FC,0,4,10.0,19.53,1.02,-8.74,10.98,18.73,1.61,19986
381,Auckland FC,1,28,14.0,-0.94,-4.41,-12.47,-13.84,-3.67,-3.8,20029
382,Auckland FC,0,14,15.0,-34.34,-27.54,-23.96,-20.51,-35.21,-26.96,20085
383,Auckland FC,0,14,15.0,-43.58,-16.49,-41.33,-10.67,-43.81,-15.92,20156
384,Newcastle,1,15,22.0,-46.43,1.57,-31.16,-0.18,-45.09,-0.65,20199
385,Auckland FC,0,4,14.0,-17.0,-7.36,-33.14,-15.08,-17.76,-7.16,20256
386,Auckland FC,0,15,27.0,-35.6,-9.83,-34.32,4.61,-35.48,-10.38,20280
387,Newcastle,0,33,,-48.23,3.74,,,-46.62,0.26,20338
388,Auckland FC,1,17,6.0,-29.97,8.01,-34.03,11.48,-29.75,8.12,20367
389,Auckland FC,1,6,27.0,-27.12,20.0,-36.58,10.29,-26.76,19.53,20394
390,Auckland FC,1,27,17.0,-32.0,19.17,-29.94,27.08,-31.37,18.46,20432
391,Auckland FC,1,17,6.0,-30.63,28.0,-23.71,13.68,-31.55,27.09,20463
392,Auckland FC,1,6,28.0,-24.6,17.26,-23.77,3.84,-24.65,17.02,20491
393,Auckland FC,1,28,22.0,-19.31,3.74,-36.73,-5.38,-19.93,3.46,20513
394,Auckland FC,0,22,14.0,-29.41,-4.71,-32.53,-2.87,-29.69,-4.76,20537
395,Newcastle,1,15,1.0,-35.08,-0.6,-49.43,-0.08,-34.57,-1.17,20549
396,Newcastle,0,1,37.0,-49.3,-0.5,-22.17,0.41,-46.37,-2.41,20570
397,Auckland FC,1,23,12.0,7.77,1.74,31.55,0.38,5.17,-0.24,20614
398,Auckland FC,1,12,4.0,38.3,3.36,18.72,-13.87,37.19,2.79,20655
399,Auckland FC,1,4,23.0,25.97,-18.49,26.39,14.31,25.41,-18.06,20702
400,Auckland FC,1,23,4.0,22.24,14.42,23.32,-12.11,21.39,13.02,20752
401,Auckland FC,1,4,23.0,26.07,-11.35,22.3,15.62,25.63,-11.33,20799
402,Auckland FC,1,23,17.0,21.39,10.77,8.45,28.49,20.63,9.29,20864
403,Auckland FC,0,17,27.0,9.16,30.62,-2.78,19.73,8.7,29.17,20909
404,Auckland FC,1,17,23.0,9.12,30.14,22.28,19.87,9.19,29.01,20926
405,Auckland FC,1,23,4.0,25.2,17.45,26.81,0.16,24.58,16.35,20960
406,Auckland FC,0,4,27.0,26.62,-2.99,-9.77,24.38,26.46,-2.69,20991
407,Auckland FC,1,23,4.0,25.3,26.34,22.83,10.84,23.02,26.41,21501
408,Auckland FC,1,4,23.0,25.82,4.26,24.27,23.87,25.78,4.22,21524
409,Auckland FC,1,23,17.0,13.92,13.17,-0.31,29.3,13.1,12.29,21597
410,Auckland FC,1,17,22.0,-3.09,32.24,-2.18,20.08,-2.89,31.04,21632
411,Auckland FC,1,22,23.0,-3.97,27.23,9.29,19.4,-4.62,27.16,21658
412,Auckland FC,1,23,4.0,8.19,20.62,8.65,-3.2,7.32,19.73,21683
413,Auckland FC,1,4,15.0,8.62,-7.6,-4.5,-27.92,8.53,-7.33,21710
414,Auckland FC,1,15,28.0,-2.47,-32.81,-2.98,-12.35,-2.26,-31.83,21738
415,Auckland FC,0,28,15.0,-1.69,-24.27,2.52,-29.88,-0.6,-26.04,21759
416,Newcastle,0,4,37.0,-3.95,-19.62,9.55,-18.41,-2.67,-18.2,22008
417,Auckland FC,1,6,17.0,10.39,-5.08,8.3,4.75,10.52,-4.16,22031
418,Auckland FC,1,17,6.0,5.43,14.95,13.99,6.67,5.36,13.42,22054
419,Auckland FC,1,6,23.0,15.59,20.26,21.0,10.41,14.9,19.81,22093
420,Auckland FC,1,23,12.0,28.2,10.51,40.44,0.95,26.91,10.62,22117
421,Auckland FC,1,12,4.0,38.06,-10.63,27.45,-20.76,35.43,-11.92,22153
422,Auckland FC,1,4,14.0,28.77,-27.25,-4.42,-16.99,29.07,-25.89,22171
423,Auckland FC,1,14,10.0,-25.49,-1.15,-29.24,6.94,-26.84,0.73,22893
424,Auckland FC,0,10,4.0,-29.43,7.69,-38.52,-2.61,-28.55,5.15,22898
425,Newcastle,0,17,37.0,-33.8,-2.46,-25.85,1.33,-33.37,-2.18,22907
426,Auckland FC,1,6,27.0,-27.28,1.65,-34.43,6.71,-27.66,1.14,22922
427,Auckland FC,1,27,15.0,-33.75,28.55,-19.9,-9.8,-33.9,27.86,22974
428,Auckland FC,1,15,22.0,-27.96,-11.12,-33.22,-14.31,-28.86,-11.86,23038
429,Auckland FC,1,22,28.0,-32.47,-17.75,-25.1,-2.81,-31.34,-18.14,23046
430,Auckland FC,1,28,15.0,-26.28,-15.36,-34.25,-22.26,-25.84,-16.16,23080
431,Auckland FC,1,15,14.0,-33.94,-28.16,-29.46,-6.57,-34.17,-27.83,23098
432,Newcastle,1,1,15.0,-50.99,-5.02,-49.68,-5.11,-51.7,-8.26,23185
433,Newcastle,1,15,33.0,-44.79,3.86,-37.66,23.16,-45.49,0.87,23293
434,Newcastle,1,33,39.0,-36.77,26.19,-17.96,29.79,-36.35,24.16,23315
435,Newcastle,1,39,17.0,-25.63,32.29,-27.73,22.89,-26.66,30.34,23335
436,Auckland FC,1,28,10.0,-25.5,23.45,-32.82,20.7,-25.45,23.32,23349
437,Auckland FC,1,10,22.0,-44.9,14.62,-37.93,5.65,-44.49,12.96,23395
438,Newcastle,1,1,33.0,-46.46,0.48,-43.16,17.55,-45.62,0.78,23904
439,Newcastle,1,33,7.0,-43.52,18.23,-8.5,-4.59,-42.54,17.14,23927
440,Newcastle,1,7,37.0,-8.8,3.56,-19.01,21.25,-9.6,5.4,23962
441,Newcastle,1,37,14.0,-11.35,16.72,-1.65,-26.41,-10.77,15.88,23987
442,Newcastle,1,14,4.0,6.89,-32.23,-12.55,-16.3,7.13,-31.37,24030
443,Newcastle,1,4,15.0,-7.05,-23.37,-16.35,-7.08,-6.31,-23.76,24065
444,Newcastle,1,15,17.0,-17.21,-9.69,-5.7,-14.99,-15.39,-10.92,24083
445,Newcastle,1,17,33.0,-8.77,-12.62,-15.7,10.3,-8.95,-12.27,24093
446,Newcastle,1,33,39.0,-19.18,11.81,3.58,28.47,-18.09,11.02,24116
447,Newcastle,0,39,22.0,-5.52,31.35,8.14,7.08,-6.74,29.15,24142
448,Auckland FC,1,12,4.0,40.89,1.98,26.64,-0.93,40.51,1.6,24189
449,Auckland FC,1,4,15.0,33.11,-10.55,13.9,-25.08,33.36,-9.81,24239
450,Auckland FC,1,15,4.0,8.32,-32.5,23.51,-20.78,8.35,-31.75,24279
451,Auckland FC,1,4,12.0,26.0,-26.42,40.81,-10.59,25.92,-26.62,24308
452,Auckland FC,1,12,4.0,40.35,-11.48,28.24,-26.5,39.2,-11.63,24331
453,Auckland FC,1,4,23.0,34.22,-20.36,31.07,12.86,34.02,-19.95,24378
454,Auckland FC,1,23,17.0,27.34,13.28,12.11,30.35,26.69,12.35,24424
455,Auckland FC,1,17,23.0,15.09,29.22,25.6,18.68,15.46,27.78,24454
456,Auckland FC,1,23,4.0,28.79,21.09,30.1,-5.64,28.12,20.24,24486
457,Auckland FC,1,4,15.0,28.99,-8.75,16.76,-30.44,28.84,-8.61,24534
458,Auckland FC,1,15,14.0,3.18,-33.01,7.79,-20.28,2.98,-31.8,24578
459,Auckland FC,0,14,15.0,5.37,-27.33,-2.4,-33.02,3.14,-29.99,24596
460,Auckland FC,0,22,15.0,-6.06,-29.42,0.9,-34.07,-6.14,-29.98,24741
461,Newcastle,1,19,14.0,5.85,-27.3,1.0,-33.21,5.1,-29.71,24925
462,Newcastle,0,14,19.0,2.31,-32.43,4.84,-27.48,3.11,-31.64,24934
463,Auckland FC,0,22,10.0,1.39,-25.97,-8.6,-21.97,0.81,-26.26,24947
464,Newcastle,0,17,37.0,-2.82,-25.86,4.14,-16.83,-3.32,-25.18,24955
465,Auckland FC,1,27,17.0,0.67,-10.08,11.44,-2.42,1.35,-13.4,24980
466,Auckland FC,1,17,27.0,12.95,0.2,0.7,-5.17,13.0,-0.8,25000
467,Auckland FC,1,27,12.0,2.83,7.7,38.85,1.46,3.51,7.71,25028
468,Auckland FC,1,12,4.0,37.56,7.94,21.68,-10.18,36.6,7.82,25065
469,Auckland FC,1,4,28.0,26.22,-15.88,10.0,-3.66,26.5,-15.86,25093
470,Auckland FC,1,28,14.0,6.8,-23.0,-11.59,-17.39,6.47,-22.59,25330
471,Auckland FC,1,14,15.0,-6.2,-20.75,-14.72,-31.31,-5.97,-21.12,25349
472,Auckland FC,0,15,27.0,-44.35,-29.93,-36.79,4.68,-45.76,-28.23,25404
473,Newcastle,0,15,17.0,-46.59,-2.09,-38.3,-9.67,-46.39,-3.68,25418
474,Newcastle,1,14,7.0,-39.97,-9.38,-37.95,-16.54,-39.63,-11.26,25457
475,Newcastle,1,33,15.0,-27.9,12.48,-32.07,1.43,-27.77,12.28,26027
476,Newcastle,1,15,4.0,-32.48,6.46,-29.35,-17.55,-31.97,7.13,26043
477,Newcastle,1,4,14.0,-37.64,-6.74,-25.93,-24.32,-37.29,-7.15,26094
478,Newcastle,1,14,7.0,-31.01,-28.47,-8.89,-31.52,-30.74,-28.0,26118
479,Newcastle,1,7,14.0,-19.21,-33.59,-25.22,-28.25,-19.93,-33.21,26145
480,Newcastle,0,14,22.0,-13.34,-27.19,4.2,-15.55,-12.68,-28.44,26161
481,Auckland FC,1,4,6.0,28.91,-17.19,22.25,-13.8,27.66,-16.6,26212
482,Auckland FC,1,6,28.0,26.33,-11.35,28.68,-23.31,25.96,-13.1,26228
483,Auckland FC,1,28,14.0,32.95,-29.18,13.18,-18.43,30.76,-28.95,26258
484,Auckland FC,1,14,6.0,11.89,-17.32,21.92,-23.34,11.6,-18.53,26272
485,Auckland FC,1,6,14.0,11.6,-22.56,8.54,-17.75,10.36,-22.99,26302
486,Auckland FC,1,15,28.0,-23.47,-28.92,-12.38,-17.16,-24.15,-29.16,26440
487,Auckland FC,1,28,15.0,-19.58,-21.34,-25.98,-31.23,-20.62,-23.18,26468
488,Auckland FC,1,15,4.0,-24.51,-32.09,-7.36,-18.71,-23.19,-30.1,26479
489,Auckland FC,1,4,23.0,-7.67,-18.6,-3.64,-3.09,-8.49,-18.75,26495
490,Auckland FC,1,23,4.0,-2.62,-0.32,-9.84,-13.05,-3.57,-0.48,26527
491,Auckland FC,1,4,28.0,-7.17,-14.07,-18.89,-17.41,-7.24,-12.76,26560
492,Auckland FC,1,28,15.0,-16.19,-18.54,-25.5,-32.16,-16.07,-18.22,26574
493,Auckland FC,1,15,14.0,-28.68,-33.78,-27.03,-18.49,-28.82,-32.72,26601
494,Auckland FC,1,14,4.0,-21.54,-21.59,-9.07,-18.69,-21.0,-22.26,26635
495,Auckland FC,1,4,23.0,-8.85,-16.8,-3.72,0.8,-9.55,-16.62,26660
496,Auckland FC,1,23,6.0,-2.39,2.04,-12.12,9.97,-3.26,2.21,26682
497,Auckland FC,1,6,4.0,-7.19,15.65,-4.86,-11.82,-6.94,15.09,26704
498,Auckland FC,1,4,28.0,-7.68,-9.88,-17.09,-18.76,-8.29,-10.42,26750
499,Auckland FC,1,28,4.0,-13.3,-19.93,-9.97,-11.74,-13.39,-19.43,26772
500,Auckland FC,1,4,23.0,-8.62,-11.24,-2.37,2.84,-9.2,-10.88,26787
501,Auckland FC,1,23,17.0,-3.1,6.21,-21.98,31.54,-4.23,6.34,26812
502,Auckland FC,1,17,10.0,-13.09,32.65,-14.76,19.03,-13.03,30.49,26849
503,Auckland FC,0,10,27.0,-13.42,23.29,-24.47,30.43,-13.44,24.0,26860
504,Newcastle,1,19,33.0,-34.35,30.01,-37.79,33.99,-35.76,30.96,27097
505,Newcastle,1,33,4.0,-37.65,33.69,-38.05,9.11,-36.37,31.0,27102
506,Newcastle,1,4,14.0,-41.71,8.8,-31.06,-6.24,-40.49,8.41,27124
507,Newcastle,1,14,4.0,-26.82,-15.68,-37.47,2.2,-26.5,-13.84,27153
508,Newcastle,1,4,15.0,-22.94,-17.01,-23.78,0.14,-22.46,-17.13,27217
509,Newcastle,1,15,17.0,-28.49,5.2,-9.83,6.48,-27.81,4.31,27245
510,Newcastle,1,17,7.0,-15.23,6.56,5.03,-23.46,-15.57,5.98,27262
511,Newcastle,1,19,39.0,20.56,26.39,34.19,27.06,21.75,28.02,27541
512,Auckland FC,0,27,10.0,27.11,30.09,11.88,24.86,27.52,30.52,27584
513,Newcastle,0,39,4.0,23.23,29.04,9.0,22.54,22.61,28.44,27601
514,Auckland FC,1,10,6.0,0.68,0.64,-14.76,-3.7,-1.96,-3.82,27818
515,Auckland FC,0,6,15.0,-14.31,-3.04,1.96,32.9,-13.45,-3.26,27831
516,Newcastle,0,7,,14.33,21.6,,,2.1,34.09,27863
517,Auckland FC,0,28,,8.77,13.11,,,10.52,19.47,27885
518,Newcastle,0,37,19.0,20.19,23.66,26.49,26.04,19.59,25.26,28038
519,Auckland FC,1,10,27.0,24.9,23.26,24.02,11.72,24.44,23.2,28046
520,Auckland FC,1,27,17.0,21.55,10.04,13.08,-0.82,22.51,10.56,28068
521,Auckland FC,0,17,10.0,12.05,-18.38,32.62,2.89,13.08,-18.48,28104
522,Auckland FC,1,17,12.0,23.63,-3.75,-24.78,2.65,-8.25,16.38,28619
523,Auckland FC,1,12,4.0,-29.55,-4.76,-18.54,18.1,-29.04,-4.22,28665
524,Auckland FC,1,4,23.0,-21.92,14.93,-17.6,-9.5,-22.15,13.9,28743
525,Auckland FC,1,23,27.0,-20.03,-14.79,5.77,-29.59,-19.57,-14.22,28789
526,Auckland FC,1,27,17.0,3.43,-32.66,-6.33,-31.12,3.11,-31.56,28818
527,Auckland FC,1,17,6.0,-3.69,-32.52,-6.67,-16.33,-3.17,-32.24,28835
528,Auckland FC,1,6,14.0,-5.58,-19.59,13.65,13.93,-5.6,-19.65,28853
529,Auckland FC,1,14,28.0,32.16,22.34,8.13,3.8,32.31,22.02,28906
530,Auckland FC,1,28,15.0,33.61,17.43,29.32,28.91,34.02,17.65,28970
531,Auckland FC,0,15,27.0,41.14,27.87,41.1,-6.63,41.95,26.18,28997
532,Newcastle,0,37,39.0,40.27,-5.47,40.89,-11.94,41.13,-5.83,29047
533,Auckland FC,1,27,6.0,42.41,-9.34,34.8,-9.52,41.24,-6.32,29048
534,Auckland FC,1,6,28.0,32.65,-29.02,24.09,-6.24,33.49,-28.19,29109
535,Auckland FC,1,28,4.0,21.91,-12.07,17.99,2.44,22.71,-12.94,29153
536,Auckland FC,1,4,15.0,19.3,4.91,28.65,22.29,20.0,4.72,29175
537,Auckland FC,1,15,22.0,28.29,27.44,33.72,7.05,28.48,25.7,29199
538,Auckland FC,1,22,28.0,30.28,17.59,27.36,12.99,29.3,17.4,29228
539,Auckland FC,1,28,22.0,28.48,13.48,29.55,18.2,28.79,14.33,29234
540,Auckland FC,1,22,28.0,28.8,18.93,29.61,13.97,29.05,18.7,29241
541,Auckland FC,1,28,15.0,33.87,20.05,28.82,28.43,33.0,20.71,29264
542,Auckland FC,1,15,22.0,29.35,29.13,25.34,22.57,29.12,27.72,29278
543,Auckland FC,1,22,14.0,24.66,23.51,36.04,10.58,25.4,23.43,29288
544,Auckland FC,1,14,4.0,28.02,14.09,11.34,13.46,26.83,14.55,29312
545,Auckland FC,1,4,22.0,12.07,13.36,20.45,19.7,13.56,13.84,29325
546,Auckland FC,0,22,10.0,16.62,20.26,32.86,-0.36,16.46,19.91,29341
547,Newcastle,1,4,7.0,37.02,7.85,28.13,24.08,36.02,9.35,29369
548,Newcastle,1,7,22.0,29.62,24.59,22.05,22.04,29.23,22.4,29390
549,Newcastle,1,22,7.0,21.96,25.49,28.01,26.69,23.65,25.42,29402
550,Newcastle,1,7,22.0,25.69,28.82,21.76,29.05,25.3,29.72,29411
551,Newcastle,1,22,7.0,19.58,32.08,21.98,28.07,21.38,31.61,29422
552,Auckland FC,1,15,14.0,7.83,28.52,15.01,27.4,5.51,31.03,29473
553,Newcastle,1,17,37.0,11.49,24.92,2.02,14.93,10.58,25.28,29489
554,Newcastle,1,19,4.0,-2.28,5.5,3.7,10.27,-1.4,6.15,29656
555,Newcastle,1,4,15.0,5.15,11.26,9.75,-10.51,4.86,10.62,29666
556,Newcastle,1,15,7.0,15.08,-8.67,-15.93,25.67,15.02,-8.1,29689
557,Newcastle,1,7,14.0,-28.44,30.41,-12.92,26.23,-29.33,29.5,29767
558,Newcastle,0,14,22.0,-38.19,20.55,-41.14,3.18,-39.72,20.09,29815
559,Auckland FC,0,4,22.0,-46.28,5.36,-26.17,15.59,-44.7,6.66,29831
560,Newcastle,1,4,1.0,2.53,28.62,28.61,5.29,1.42,28.62,29881
561,Newcastle,1,1,15.0,29.98,2.03,21.23,-4.6,28.36,1.02,29929
562,Newcastle,1,15,1.0,24.58,-6.0,30.9,0.44,24.9,-5.55,29940
563,Newcastle,0,1,14.0,37.51,5.51,-3.91,18.88,36.26,5.3,29987
564,Auckland FC,1,15,14.0,-5.48,18.7,12.83,21.02,-2.67,18.06,30012
565,Auckland FC,1,14,28.0,9.8,20.94,15.59,11.24,8.89,19.88,30026
566,Auckland FC,1,28,22.0,13.37,12.16,22.0,18.97,12.33,11.91,30037
567,Auckland FC,1,22,4.0,19.06,25.38,-8.23,15.11,18.02,26.28,30095
568,Auckland FC,1,4,23.0,-8.98,13.02,-7.45,-4.24,-7.16,11.15,30150
569,Auckland FC,1,23,17.0,-6.08,-8.14,9.93,-27.17,-5.25,-8.0,30169
570,Newcastle,1,39,22.0,26.26,-29.17,11.79,-24.63,25.15,-28.42,30308
571,Newcastle,1,22,19.0,11.74,-20.37,24.51,-8.8,12.29,-19.58,30326
572,Newcastle,1,19,37.0,18.15,-11.9,12.42,-18.15,16.85,-12.85,30358
573,Newcastle,1,37,22.0,11.78,-17.12,11.37,-11.51,12.14,-16.9,30367
574,Newcastle,0,22,7.0,10.86,-10.85,-0.03,2.66,10.38,-11.83,30379
575,Auckland FC,0,12,27.0,-27.38,-13.61,-0.42,-25.76,-25.32,-15.99,30418
576,Newcastle,1,1,4.0,30.82,-1.97,20.48,0.81,27.09,-3.96,30733
577,Newcastle,1,4,14.0,24.06,4.92,10.35,25.29,24.3,4.08,30753
578,Newcastle,1,14,7.0,16.37,26.98,-0.79,33.17,16.32,25.75,30788
579,Auckland FC,1,22,27.0,18.64,27.0,15.41,1.51,18.27,27.84,30895
580,Auckland FC,1,27,10.0,19.81,6.3,31.9,12.33,20.69,7.12,30915
581,Auckland FC,1,10,14.0,29.93,10.0,32.35,23.69,29.34,10.93,30935
582,Auckland FC,0,14,15.0,35.05,21.43,30.13,25.79,34.66,19.74,30952
583,Newcastle,1,15,33.0,49.8,-4.43,45.94,-15.58,52.38,-2.09,31053
584,Newcastle,1,33,39.0,41.31,-20.69,27.89,-27.89,40.42,-19.82,31079
585,Newcastle,1,39,33.0,22.38,-30.74,26.66,-20.62,23.28,-29.55,31107
586,Newcastle,1,33,22.0,21.59,-22.2,1.71,-28.47,21.31,-24.27,31116
587,Newcastle,1,22,33.0,3.55,-29.2,15.0,-22.14,5.9,-27.24,31130
588,Newcastle,1,37,14.0,-0.8,-13.03,11.16,22.13,-1.22,-12.26,31169
589,Newcastle,1,14,7.0,0.11,24.27,-16.37,22.68,-0.44,23.45,31200
590,Newcastle,1,37,15.0,-49.45,-5.53,-48.81,-7.59,-43.17,-2.39,31896
591,Newcastle,1,15,37.0,-35.52,-21.13,-36.36,-4.27,-34.78,-21.03,31945
592,Newcastle,1,37,39.0,-34.91,-3.53,-34.66,-27.6,-19.29,-26.84,31994
593,Newcastle,0,7,22.0,-24.36,-17.54,-37.75,-0.92,-25.1,-18.46,32040
594,Auckland FC,0,23,22.0,-36.12,-8.06,-27.84,-13.75,-37.62,-7.5,32103
595,Newcastle,0,39,15.0,-33.15,-10.28,-34.19,-14.97,-33.35,-9.86,32129
596,Newcastle,0,7,33.0,-29.37,-26.52,-32.06,-33.74,-29.98,-30.28,32382
597,Newcastle,0,7,39.0,-28.46,-27.24,-35.84,-28.58,-28.42,-30.66,32486
598,Newcastle,1,39,17.0,-28.38,-24.54,-14.56,-17.57,-28.11,-24.25,32576
599,Newcastle,1,17,14.0,-12.27,-13.8,-22.19,9.01,-12.73,-12.72,32595
600,Newcastle,1,14,4.0,-15.54,17.5,-0.47,7.24,-15.79,15.93,32632
601,Newcastle,1,4,17.0,5.55,12.99,-8.62,12.92,3.33,12.89,32667
602,Newcastle,1,17,1.0,-3.59,15.1,31.62,1.52,-2.82,14.93,32680
603,Newcastle,1,1,4.0,37.69,-1.5,26.82,17.59,37.74,-1.79,32741
604,Newcastle,1,4,19.0,33.38,17.17,21.75,0.2,33.08,15.56,32773
605,Newcastle,1,19,4.0,19.17,3.36,25.53,14.7,19.39,2.87,32800
606,Newcastle,1,4,33.0,20.74,15.26,23.27,-18.33,20.12,13.44,32816
607,Newcastle,1,33,15.0,31.57,-18.45,30.92,-10.59,30.85,-16.7,32850
608,Newcastle,0,15,14.0,30.21,-11.65,-0.83,31.74,29.77,-12.99,32860
609,Auckland FC,1,15,14.0,-17.08,14.67,-5.15,15.61,-15.23,12.47,32910
610,Newcastle,1,17,14.0,2.88,18.17,-5.58,22.55,2.58,18.59,32947
611,Newcastle,1,14,22.0,-0.82,22.44,-14.54,13.68,-0.03,22.09,32960
612,Newcastle,1,22,7.0,-37.63,23.48,-36.02,10.65,-37.62,22.03,33021
613,Auckland FC,1,23,27.0,-46.27,-10.51,-4.82,-22.76,-45.62,-10.62,33300
614,Auckland FC,1,4,23.0,-5.74,-6.78,0.11,-24.73,-5.61,-6.04,33627
615,Auckland FC,1,23,4.0,-4.41,-21.57,-7.44,-4.16,-4.23,-21.31,33661
616,Auckland FC,1,4,14.0,-9.28,-4.11,11.75,11.73,-8.76,-5.19,33701
617,Auckland FC,0,14,10.0,3.27,12.19,19.06,-9.57,1.95,12.44,33725
618,Auckland FC,1,22,15.0,12.58,9.31,10.58,18.08,12.7,9.8,33802
619,Auckland FC,1,15,22.0,32.88,32.51,37.75,29.11,33.4,30.95,33870
620,Auckland FC,0,22,28.0,37.13,32.5,33.37,25.19,37.42,31.34,33899
621,Auckland FC,1,22,15.0,47.05,31.1,41.36,33.74,44.9,32.55,34017
622,Auckland FC,1,15,28.0,39.64,33.35,39.35,21.68,40.41,32.16,34027
623,Auckland FC,0,28,10.0,38.7,25.86,36.93,0.6,38.85,26.42,34043
624,Newcastle,1,4,17.0,45.52,6.51,42.6,13.0,45.69,8.77,34111
625,Auckland FC,1,23,14.0,12.2,2.99,24.42,9.46,13.75,3.77,34157
626,Auckland FC,1,14,6.0,21.43,8.69,15.68,-5.96,20.48,8.68,34166
627,Auckland FC,1,6,17.0,12.19,-9.71,25.47,-24.54,12.83,-9.55,34201
628,Auckland FC,1,17,23.0,26.35,-32.75,5.03,-6.69,26.77,-31.48,34228
629,Auckland FC,1,23,4.0,-0.24,-20.66,2.52,2.9,0.34,-20.76,34283
630,Auckland FC,1,4,22.0,-0.07,3.62,23.07,17.29,0.28,2.94,34309
631,Auckland FC,1,22,4.0,13.76,17.01,3.21,14.91,13.07,17.55,34335
632,Auckland FC,1,4,15.0,2.34,18.55,20.41,31.74,4.19,19.4,34348
633,Auckland FC,0,15,14.0,23.13,31.9,25.21,14.65,24.0,28.8,34366
634,Newcastle,1,1,15.0,50.5,6.99,46.12,1.91,50.83,6.35,34423
635,Newcastle,0,33,39.0,22.13,-33.19,-1.27,-29.88,21.62,-32.26,34542
636,Auckland FC,1,28,4.0,12.92,-3.96,10.71,7.63,14.05,-4.72,34875
637,Auckland FC,1,4,15.0,10.79,9.55,24.85,29.61,11.31,8.85,34898
638,Auckland FC,1,15,14.0,29.09,32.98,25.46,17.76,29.24,32.17,34935
639,Newcastle,1,15,19.0,46.97,-1.23,29.76,-3.77,46.23,-1.01,35184
640,Newcastle,1,19,33.0,31.02,-6.87,45.41,-20.39,31.17,-7.69,35212
641,Newcastle,0,33,7.0,43.65,-22.78,13.52,-2.43,42.77,-22.85,35231
642,Newcastle,1,37,22.0,-3.41,-25.64,-3.56,-16.82,-4.7,-25.98,35287
643,Newcastle,0,22,37.0,-21.12,-11.64,-21.78,-21.68,-21.21,-12.87,35316
644,Auckland FC,1,23,12.0,-37.66,-13.53,-49.75,-2.99,-37.48,-12.38,35339
645,Auckland FC,0,12,,-48.35,-4.48,,,-45.5,-6.77,35352
646,Newcastle,1,15,14.0,2.96,-6.02,-4.47,12.54,-0.12,-5.5,35374
647,Newcastle,1,14,17.0,-6.0,21.96,-6.94,6.15,-6.32,21.51,35422
648,Newcastle,1,17,4.0,-1.23,11.93,8.3,13.09,-0.57,11.61,35448
649,Newcastle,1,4,33.0,8.56,12.68,8.0,-8.87,7.38,11.56,35456
650,Newcastle,1,33,4.0,13.42,-10.37,12.49,7.48,13.05,-9.65,35482
651,Newcastle,1,4,33.0,18.32,-2.06,16.33,-13.96,17.98,-4.01,35518
652,Newcastle,1,33,39.0,19.12,-17.61,0.63,-33.2,18.7,-16.13,35531
653,Newcastle,1,19,33.0,-5.56,-24.06,-3.74,-30.28,-4.61,-27.45,35953
654,Newcastle,1,33,39.0,-3.9,-31.63,-17.3,-33.62,-5.0,-31.2,35969
655,Newcastle,1,39,37.0,-20.81,-33.2,-12.68,-24.88,-20.45,-33.37,35988
656,Auckland FC,1,6,14.0,-21.04,-24.51,-18.53,2.21,-22.27,-24.46,36013
657,Auckland FC,1,14,4.0,-10.18,0.12,-24.91,-2.95,-10.05,-0.85,36058
658,Auckland FC,1,4,17.0,-16.23,9.66,-7.18,-20.79,-15.13,9.98,36116
659,Auckland FC,1,17,27.0,-1.39,-27.1,11.91,-29.56,-1.07,-26.36,36147
660,Auckland FC,1,23,4.0,-13.93,-28.98,-14.71,-7.39,-13.07,-28.02,36303
661,Auckland FC,1,4,23.0,-20.27,-3.97,-18.04,-23.74,-19.89,-4.59,36338
662,Auckland FC,1,23,22.0,-18.83,-18.05,7.09,-18.15,-18.57,-17.66,36397
663,Auckland FC,1,22,6.0,-5.46,-19.69,-6.15,-12.79,-5.49,-19.95,36431
664,Auckland FC,1,6,27.0,-3.56,-14.09,12.33,-28.39,-3.61,-15.17,36439
665,Auckland FC,1,27,14.0,30.37,-21.97,30.8,8.94,30.85,-21.07,36484
666,Auckland FC,1,14,10.0,46.98,7.96,45.97,3.07,46.52,3.75,36514
667,Auckland FC,0,10,6.0,46.33,3.22,42.66,-3.61,47.15,5.78,36516
668,Newcastle,0,15,,47.39,-0.28,,,49.67,5.47,36570
669,Newcastle,1,4,22.0,46.45,15.22,7.92,-2.82,45.71,12.57,36580
670,Auckland FC,1,6,27.0,28.0,-2.46,24.01,-10.05,27.27,-3.31,36644
671,Auckland FC,0,27,22.0,26.85,-16.08,32.43,-9.82,28.52,-16.08,36661
672,Newcastle,1,4,14.0,37.72,23.63,15.53,34.67,36.58,23.03,37173
673,Auckland FC,1,22,4.0,12.16,23.93,2.89,8.19,12.63,24.13,37569
674,Auckland FC,1,4,23.0,1.9,7.31,5.5,-11.95,2.99,7.89,37617
675,Auckland FC,1,23,4.0,6.35,-15.63,0.79,3.72,6.58,-15.36,37640
676,Auckland FC,1,4,15.0,-4.28,0.17,18.41,28.89,-3.32,0.06,37666
677,Auckland FC,1,15,14.0,17.34,28.96,23.63,15.89,17.56,28.04,37700
678,Auckland FC,1,14,10.0,48.4,14.78,42.73,1.14,48.6,14.15,37741
679,Auckland FC,1,28,10.0,,,,,,,38111
680,Newcastle,1,1,33.0,,,,,,,38476
681,Newcastle,1,33,17.0,,,,,,,38493
682,Newcastle,1,17,15.0,,,,,,,38528
683,Newcastle,1,15,,,,,,,,38553
684,Auckland FC,1,4,28.0,,,,,,,39994
685,Auckland FC,0,28,10.0,,,,,,,40050
686,Auckland FC,1,22,27.0,,,,,,,40244
687,Auckland FC,0,27,10.0,,,,,,,40249
688,Newcastle,0,22,,,,,,,,40806
689,Auckland FC,1,22,17.0,,,,,,,40835
690,Auckland FC,1,17,14.0,,,,,,,40869
691,Auckland FC,1,14,17.0,,,,,,,40902
692,Auckland FC,1,17,12.0,,,,,,,40940
693,Auckland FC,0,12,14.0,,,,,,,40985
694,Newcastle,1,1,4.0,,,,,,,41051
695,Newcastle,1,4,39.0,,,,,,,41110
696,Newcastle,1,39,19.0,,,,,,,41137
697,Newcastle,1,19,17.0,,,,,,,41150
698,Newcastle,1,17,33.0,,,,,,,41155
699,Newcastle,1,33,23.0,,,,,,,41173
700,Newcastle,0,33,23.0,,,,,,,41619
701,Auckland FC,0,27,22.0,,,,,,,41626
702,Newcastle,0,15,39.0,,,,,,,41653
703,Newcastle,1,14,13.0,,,,,,,41714
704,Newcastle,1,23,7.0,,,,,,,42412
705,Newcastle,0,7,13.0,,,,,,,42464
706,Auckland FC,1,4,23.0,,,,,,,42911
707,Auckland FC,1,23,12.0,,,,,,,42937
708,Auckland FC,1,12,4.0,,,,,,,42964
709,Auckland FC,1,4,15.0,,,,,,,43009
710,Auckland FC,1,15,4.0,,,,,,,43035
711,Auckland FC,1,4,28.0,,,,,,,43073
712,Auckland FC,1,28,15.0,,,,,,,43102
713,Auckland FC,1,15,22.0,,,,,,,43120
714,Auckland FC,1,22,28.0,,,,,,,43133
715,Auckland FC,1,28,10.0,,,,,,,43145
716,Auckland FC,1,10,14.0,,,,,,,43169
717,Auckland FC,1,14,6.0,,,,,,,43198
718,Auckland FC,1,6,17.0,,,,,,,43280
719,Auckland FC,0,17,25.0,,,,,,,43297
720,Auckland FC,1,22,14.0,,,,,,,43634
721,Newcastle,1,17,14.0,,,,,,,43814
722,Newcastle,1,14,17.0,,,,,,,43850
723,Newcastle,1,17,39.0,,,,,,,43869
724,Newcastle,1,39,17.0,,,,,,,43880
725,Newcastle,1,17,33.0,,,,,,,43890
726,Newcastle,1,33,23.0,,,,,,,43937
727,Newcastle,0,23,7.0,,,,,,,43958
728,Auckland FC,0,4,25.0,,,,,,,44017
729,Newcastle,1,14,19.0,,,,,,,44210
730,Newcastle,1,19,17.0,,,,,,,44221
731,Newcastle,1,17,23.0,,,,,,,44248
732,Newcastle,1,23,33.0,,,,,,,44269
733,Auckland FC,1,6,25.0,,,,,,,44324
734,Auckland FC,0,25,22.0,,,,,,,44332
735,Newcastle,1,15,19.0,,,,,,,44352
736,Newcastle,1,19,39.0,,,,,,,44370
737,Newcastle,1,39,13.0,,,,,,,44391
738,Newcastle,1,33,15.0,,,,,,,44763
739,Newcastle,1,15,33.0,,,,,,,44773
740,Newcastle,1,33,15.0,,,,,,,44785
741,Newcastle,1,15,17.0,,,,,,,44807
742,Newcastle,1,17,4.0,,,,,,,44848
743,Newcastle,1,23,33.0,,,,,,,45285
744,Newcastle,1,33,19.0,,,,,,,45304
745,Newcastle,1,19,23.0,,,,,,,45327
746,Newcastle,1,23,33.0,,,,,,,45347
747,Newcastle,1,33,7.0,,,,,,,45358
748,Newcastle,1,7,33.0,,,,,,,45365
749,Newcastle,1,33,39.0,,,,,,,45380
750,Newcastle,1,17,4.0,,,,,,,45458
751,Newcastle,0,4,19.0,,,,,,,46121
752,Auckland FC,1,22,14.0,,,,,,,46514
753,Auckland FC,1,14,28.0,,,,,,,46545
754,Auckland FC,1,28,10.0,,,,,,,46577
755,Auckland FC,1,10,22.0,,,,,,,46596
756,Auckland FC,1,22,15.0,,,,,,,46646
757,Auckland FC,0,15,14.0,,,,,,,46671
758,Auckland FC,1,15,10.0,,,,,,,47322
759,Auckland FC,1,10,28.0,,,,,,,47342
760,Auckland FC,0,28,10.0,,,,,,,47385
761,Auckland FC,1,17,14.0,,,,,,,47448
762,Auckland FC,1,14,17.0,,,,,,,47479
763,Auckland FC,1,17,15.0,,,,,,,47522
764,Auckland FC,1,15,28.0,,,,,,,47531
765,Auckland FC,0,28,9.0,,,,,,,47555
766,Newcastle,0,17,13.0,,,,,,,47570
767,Auckland FC,1,4,6.0,,,,,,,47601
768,Auckland FC,1,6,25.0,,,,,,,47623
769,Auckland FC,1,25,10.0,,,,,,,47678
770,Auckland FC,0,10,,,,,,,,47719
771,Newcastle,1,15,39.0,,,,,,,47726
772,Newcastle,1,39,23.0,,,,,,,47742
773,Newcastle,1,23,7.0,,,,,,,47757
774,Newcastle,1,7,33.0,,,,,,,47793
775,Newcastle,1,33,17.0,,,,,,,47835
776,Newcastle,0,17,23.0,,,,,,,47843
777,Auckland FC,1,23,12.0,,,,,,,47920
778,Auckland FC,1,12,23.0,,,,,,,47930
779,Auckland FC,0,23,9.0,,,,,,,48001
780,Newcastle,1,33,,,,,,,,48032
781,Auckland FC,1,4,28.0,,,,,,,48246
782,Auckland FC,0,28,15.0,,,,,,,48288
783,Newcastle,1,17,14.0,,,,,,,48433
784,Newcastle,1,14,19.0,,,,,,,48443
785,Newcastle,1,19,17.0,,,,,,,48451
786,Newcastle,1,17,14.0,,,,,,,48458
787,Auckland FC,0,28,9.0,,,,,,,48523
788,Auckland FC,1,4,23.0,,,,,,,48716
789,Auckland FC,1,23,6.0,,,,,,,48746
790,Auckland FC,1,6,25.0,,,,,,,48767
791,Auckland FC,1,25,6.0,,,,,,,48792
792,Auckland FC,1,6,25.0,,,,,,,48816
793,Auckland FC,1,28,23.0,,,,,,,48876
794,Auckland FC,1,23,28.0,,,,,,,48892
795,Auckland FC,1,28,15.0,,,,,,,48917
796,Auckland FC,1,15,28.0,,,,,,,48963
797,Auckland FC,1,28,4.0,,,,,,,49014
798,Auckland FC,1,4,23.0,,,,,,,49043
799,Auckland FC,1,23,17.0,,,,,,,49064
800,Auckland FC,1,17,25.0,,,,,,,49093
801,Newcastle,0,17,13.0,,,,,,,49208
802,Auckland FC,1,23,9.0,,,,,,,49242
803,Auckland FC,0,9,14.0,,,,,,,49292
804,Newcastle,1,15,23.0,,,,,,,49312
805,Newcastle,1,23,33.0,,,,,,,49342
806,Newcastle,1,33,7.0,,,,,,,49364
807,Auckland FC,1,6,17.0,,,,,,,49536
808,Auckland FC,0,17,6.0,,,,,,,49548
809,Newcastle,1,19,23.0,,,,,,,49571
810,Newcastle,0,23,7.0,,,,,,,49593
811,Auckland FC,1,14,28.0,,,,,,,49777
812,Auckland FC,1,28,15.0,,,,,,,49797
813,Auckland FC,1,15,4.0,,,,,,,49814
814,Auckland FC,1,4,23.0,,,,,,,49860
815,Auckland FC,1,23,25.0,,,,,,,49882
816,Auckland FC,1,25,6.0,,,,,,,49907
817,Auckland FC,1,6,17.0,,,,,,,49943
818,Auckland FC,1,17,23.0,,,,,,,49976
819,Auckland FC,1,23,4.0,,,,,,,50042
820,Auckland FC,1,4,15.0,,,,,,,50066
821,Auckland FC,1,15,14.0,,,,,,,50086
822,Newcastle,1,39,7.0,,,,,,,50131
823,Auckland FC,1,4,23.0,,,,,,,50398
824,Auckland FC,1,23,17.0,,,,,,,50419
825,Auckland FC,1,17,9.0,,,,,,,50446
826,Auckland FC,1,9,28.0,,,,,,,50479
827,Auckland FC,1,28,14.0,,,,,,,50488
828,Auckland FC,1,14,28.0,,,,,,,50522
829,Auckland FC,1,28,15.0,,,,,,,50536
830,Auckland FC,1,15,25.0,,,,,,,50558
831,Newcastle,1,13,6.0,,,,,,,52204
832,Newcastle,1,6,4.0,,,,,,,52214
833,Newcastle,1,4,14.0,,,,,,,52244
834,Newcastle,1,14,4.0,,,,,,,52268
835,Newcastle,1,4,15.0,,,,,,,52290
836,Newcastle,1,15,4.0,,,,,,,52324
837,Newcastle,1,4,15.0,,,,,,,52338
838,Newcastle,1,15,4.0,,,,,,,52369
839,Newcastle,1,4,14.0,,,,,,,52414
840,Newcastle,1,14,17.0,,,,,,,52458
841,Newcastle,1,17,14.0,,,,,,,52481
842,Newcastle,1,14,6.0,,,,,,,52489
843,Newcastle,1,6,33.0,,,,,,,52507
844,Newcastle,1,33,23.0,,,,,,,52535
845,Newcastle,1,23,6.0,,,,,,,52558
846,Newcastle,1,6,33.0,,,,,,,52579
847,Newcastle,1,33,15.0,,,,,,,52618
848,Newcastle,1,15,33.0,,,,,,,52644
849,Newcastle,1,33,17.0,,,,,,,52705
850,Newcastle,0,17,14.0,,,,,,,52743
851,Newcastle,1,6,17.0,,,,,,,55354
852,Newcastle,1,17,14.0,,,,,,,55364
853,Auckland FC,1,28,15.0,,,,,,,55729
854,Auckland FC,1,15,14.0,,,,,,,55801
855,Auckland FC,1,25,28.0,,,,,,,56225
856,Auckland FC,1,28,14.0,,,,,,,56242
857,Newcastle,1,15,33.0,,,,,,,56614
858,Newcastle,1,33,6.0,,,,,,,56657
859,Newcastle,1,6,4.0,,,,,,,56663
860,Newcastle,1,4,14.0,,,,,,,56707
861,Newcastle,1,14,,,,,,,,56739
862,Auckland FC,1,14,6.0,,,,,,,56777
863,Auckland FC,1,6,17.0,,,,,,,56835
864,Newcastle,1,33,6.0,,,,,,,56952
865,Newcastle,1,6,33.0,,,,,,,57000
866,Newcastle,0,33,29.0,,,,,,,57045
867,Newcastle,0,6,13.0,,,,,,,57119
868,Auckland FC,0,17,25.0,,,,,,,57138
869,Newcastle,1,1,4.0,,,,,,,57174
870,Newcastle,1,4,14.0,,,,,,,57222
871,Newcastle,0,14,29.0,,,,,,,57257
872,Auckland FC,1,5,4.0,,,,,,,57288
873,Auckland FC,0,4,,,,,,,,57302
874,Newcastle,1,14,1.0,,,,,,,57321
875,Newcastle,1,1,15.0,,,,,,,57394
876,Newcastle,1,15,14.0,,,,,,,57414
877,Newcastle,0,14,29.0,,,,,,,57454
878,Auckland FC,1,17,25.0,,,,,,,57967
879,Auckland FC,0,25,17.0,,,,,,,57984
880,Newcastle,1,6,17.0,,,,,,,58034
881,Newcastle,1,17,15.0,,,,,,,58042
882,Newcastle,1,15,4.0,,,,,,,58061
883,Newcastle,1,4,14.0,,,,,,,58070
884,Newcastle,1,14,4.0,,,,,,,58096
885,Newcastle,1,4,15.0,,,,,,,58111
886,Newcastle,1,15,4.0,,,,,,,58132
887,Newcastle,1,4,15.0,,,,,,,58182
888,Newcastle,1,15,33.0,,,,,,,58238
889,Newcastle,1,33,13.0,,,,,,,58262
890,Newcastle,1,13,6.0,,,,,,,58291
891,Newcastle,1,13,23.0,,,,,,,58341
892,Newcastle,0,23,29.0,,,,,,,58403
893,Newcastle,1,23,39.0,,,,,,,58406
894,Newcastle,1,17,4.0,,,,,,,58512
895,Newcastle,1,4,39.0,,,,,,,58537
896,Newcastle,1,39,6.0,,,,,,,58550
897,Newcastle,1,6,17.0,,,,,,,58560
898,Newcastle,1,17,14.0,,,,,,,58581
899,Newcastle,0,14,39.0,,,,,,,58602
900,Newcastle,1,17,15.0,,,,,,,58710
901,Auckland FC,0,12,25.0,,,,,,,58907
